Model,Language,Repetition,Degeneracy,Total Outputs,Unique Outputs,Duplicate Ratio,# Outputs >10,Top 5 %,Entropy (bits)
Babel-9B-Chat,English,0.9705882352941176,4.512138235294118,340000,25483,92.51%,5132,48.64%,8.78
Babel-9B-Chat,German,0.9705882352941176,3.2700029411764704,340000,29904,91.20%,1661,57.58%,7.07
Babel-9B-Chat,Korean,0.9705882352941176,2.1085588235294117,340000,7692,97.74%,489,84.52%,3.36
Llama-2-7b-chat-hf,English,0.96875,3.92135,320000,40766,87.26%,2145,40.19%,9.53
Llama-2-7b-chat-hf,German,0.96875,3.650296875,320000,27577,91.38%,1811,33.70%,8.55
Llama-2-7b-chat-hf,Korean,0.96875,2.5733875,320000,21444,93.30%,3548,13.47%,10.82
gemma-3-12b-it,English,0.9791666666666666,5.68808125,480000,88696,81.52%,3764,31.71%,11.07
gemma-3-12b-it,German,0.9791666666666666,5.5791125,480000,77913,83.77%,3730,35.89%,10.6
gemma-3-12b-it,Korean,0.9791666666666666,3.17765625,480000,58534,87.81%,2608,35.20%,9.34
